comparison_case,lane,company_name,role_in_case,best_current_ordering,primary_distinction,main_reuse_value,last_updated,status
"Amazon versus Walmart versus Target","retail-versus-marketplace boundary","Amazon","retail-plus-interface hybrid","1 of 3","ecosystem monetization and interface thickness outrun plain merchanting","reuse when mass retail starts to widen into marketplace media membership and fulfillment ecosystems",2026-08-10,in-progress
"Amazon versus Walmart versus Target","retail-versus-marketplace boundary","Target","retail-first with lighter and more repair-dependent widening","3 of 3","second layer is real but compensating for a weaker core retail line","reuse when a middle case is building attached economics before the core basket is fully repaired",2026-08-10,in-progress
"Amazon versus Walmart versus Target","retail-versus-marketplace boundary","Walmart","retail-first with serious ecosystem widening","2 of 3","first-party basket and merchanting still anchor the model even as the second layer gets stronger","reuse when a retailer remains inventory-led but is thickening through attached platform layers",2026-08-10,in-progress
"American Tower versus Cogent versus Viasat","hidden-connectivity-access boundary","American Tower","global tower ownership and datacenter-bridged access infrastructure","1 of 3","scarce site breadth carrier amendments and a datacenter bridge matter more than route-density carriage or orbit-heavy mobility connectivity","reuse when the key question is physical wireless access ownership rather than terrestrial route control or orbital access economics",2026-08-10,in-progress
"American Tower versus Cogent versus Viasat","hidden-connectivity-access boundary","Cogent","route-density and on-net private-connectivity infrastructure","2 of 3","on-net building access IP and optical routes and wavelength or private-network economics matter more than tower-site rent or orbit-heavy terminal and spectrum economics","reuse when the key question is terrestrial route-density ownership rather than wireless site rent or sovereign or mobility orbital access",2026-08-10,in-progress
"American Tower versus Cogent versus Viasat","hidden-connectivity-access boundary","Viasat","satellite-broadband mobility and sovereign-access infrastructure","3 of 3","orbital capacity terminals spectrum rights and sovereign or mobility bandwidth economics matter more than terrestrial site rent or route-density carriage","reuse when the key question is orbit-heavy access ownership rather than tower structures or terrestrial route control",2026-08-10,in-progress
"American Tower versus Crown Castle versus SBA Communications","hidden-connectivity-access boundary","American Tower","global tower ownership and datacenter-bridged access infrastructure","1 of 3","global site breadth carrier amendments and a datacenter bridge matter more than domestic simplification or pure tower-rent narrowness","reuse when the key question is broad access-layer ownership spanning wireless sites and a partial digital-capacity bridge",2026-08-10,in-progress
"American Tower versus Crown Castle versus SBA Communications","hidden-connectivity-access boundary","Crown Castle","domestic tower simplification and portfolio-reset infrastructure","2 of 3","domestic site-rental clarity and portfolio simplification matter more than global breadth or pure-play tower-rent narrowness","reuse when the key question is how a connectivity owner becomes more legible by narrowing to a simpler tower cash-flow story",2026-08-10,in-progress
"American Tower versus Crown Castle versus SBA Communications","hidden-connectivity-access boundary","SBA Communications","pure-play tower-rent infrastructure","3 of 3","tower-only rent long-duration land control and low-incremental-cost colocations matter more than datacenter bridging or restructuring-led simplification","reuse when the key question is the cleanest recurring-rent exposure to the wireless access layer",2026-08-10,in-progress
"Apple versus Netflix versus Roblox","platform-and-ecosystem boundary","Apple","installed-base and device-ecosystem lock-in system","1 of 3","installed base operating-system control and services attachment make the recurring relationship stronger than a single device sale","reuse when the key question is whether a platform is built on operating-system lock-in rather than paid attention or creator participation",2026-08-10,in-progress
"Apple versus Netflix versus Roblox","platform-and-ecosystem boundary","Netflix","paid cultural-distribution and attention-habit system","2 of 3","subscription habit recommendation and ad-layer widening make the platform stronger than a plain content library","reuse when the key question is recurring paid attention rather than installed-base lock-in or creator-economy participation",2026-08-10,in-progress
"Apple versus Netflix versus Roblox","platform-and-ecosystem boundary","Roblox","creator-built participation and virtual-economy system","3 of 3","creator supply virtual currency and engagement loops make the platform stronger than a static catalog or device ecosystem alone","reuse when the key question is creator-world participation rather than subscription attention or operating-system lock-in",2026-08-10,in-progress
"Booking versus Expedia versus Airbnb","travel-marketplace boundary","Airbnb","host-guest and trip-flexibility trust marketplace","3 of 3","decentralized host supply booking confidence and payment flexibility create a travel marketplace whose core asset is trust rather than OTA workflow or loyalty-thickened intermediation","reuse when the key question is decentralized stay trust and flexible travel behavior rather than OTA orchestration or loyalty-enabled travel intermediation",2026-08-10,in-progress
"Booking versus Expedia versus Airbnb","travel-marketplace boundary","Booking","merchant-heavy trip-orchestration marketplace","1 of 3","merchant payments direct behavior and connected-trip workflow matter more than loyalty-thickened brand-portfolio intermediation or decentralized host trust","reuse when the key question is OTA-style orchestration and workflow ownership rather than trust-led stays or broader travel-intent intermediation",2026-08-10,in-progress
"Booking versus Expedia versus Airbnb","travel-marketplace boundary","Expedia","loyalty-thickened, B2B-enabled, and ad-network travel marketplace","2 of 3","cross-brand loyalty partner distribution and media monetization make the interface thicker than plain booking flow while remaining less trust-centered than decentralized host supply","reuse when the key question is multi-layer travel intermediation spanning consumer demand partner enablement and travel-intent advertising",2026-08-10,in-progress
"C.H. Robinson versus UPS versus DoorDash","delivery-layer boundary","C.H. Robinson","freight-brokerage and shipment-orchestration infrastructure","1 of 3","brokered freight coordination pricing discipline and shipment workflow matter more than owned parcel-network density or consumer-interface-led last-mile coordination","reuse when the key question is who owns freight-routing intelligence rather than parcel density or local-commerce demand capture",2026-08-10,in-progress
"C.H. Robinson versus UPS versus DoorDash","delivery-layer boundary","DoorDash","local merchant-demand and last-mile convenience coordination","3 of 3","consumer habit merchant visibility memberships and last-mile coordination matter more than upstream freight orchestration or national parcel-network density","reuse when the key question is local-commerce demand routing and merchant dependence rather than freight brokerage or parcel-network infrastructure",2026-08-10,in-progress
"C.H. Robinson versus UPS versus DoorDash","delivery-layer boundary","UPS","dense parcel-network and package-flow infrastructure","2 of 3","package density route economics and automation matter more than brokerage orchestration or app-led local convenience demand","reuse when the key question is capital-heavy parcel execution and revenue-quality management rather than shipment brokerage or merchant-demand routing",2026-08-10,in-progress
"CECO versus Veralto versus Ecolab","behind-the-shelf infrastructure boundary","CECO Environmental","environmental and process-reliability infrastructure","1 of 3","engineered air water thermal emissions and process systems matter more than recurring workflow monitoring or service-led hygiene embedment","reuse when the key question is heavy plant-environment hardware rather than embedded quality-control or service-heavy compliance systems",2026-08-10,in-progress
"CECO versus Veralto versus Ecolab","behind-the-shelf infrastructure boundary","Ecolab","embedded hygiene water and compliance-service infrastructure","3 of 3","sanitation contamination control pest prevention water stewardship and field-service intensity matter more than engineered plant systems or product-control workflow hardware","reuse when the key question is recurring onsite hygiene and compliance embedment rather than plant hardware or measurement-heavy workflow control",2026-08-10,in-progress
"CECO versus Veralto versus Ecolab","behind-the-shelf infrastructure boundary","Veralto","embedded quality water and product-control infrastructure","2 of 3","water analytics monitoring coding inspection and traceability workflows matter more than heavier project hardware or service-heavy sanitation embedment","reuse when the key question is embedded quality-and-water workflow trust rather than environmental hardware or daily onsite service intensity",2026-08-10,in-progress
"Cisco versus Arista versus Palo Alto Networks","control-layer-connectivity boundary","Arista Networks","architecture-specialist AI-networking and observability infrastructure","2 of 3","AI fabrics Ethernet architecture observability and client-to-cloud control matter more than incumbent installed-base breadth or pure security-governance standardization","reuse when the key question is architecture-specialist AI networking rather than installed-base breadth or enterprise trust governance",2026-08-10,in-progress
"Cisco versus Arista versus Palo Alto Networks","control-layer-connectivity boundary","Cisco","installed-base enterprise network-control and architecture-standardization infrastructure","1 of 3","switching routing observability and installed-base architecture control matter more than narrower specialist AI-networking leadership or pure trust-governance consolidation","reuse when the key question is broad enterprise network-control ownership rather than specialist AI-networking architecture or security-platform governance",2026-08-10,in-progress
"Cisco versus Arista versus Palo Alto Networks","control-layer-connectivity boundary","Palo Alto Networks","enterprise-trust governance and cybersecurity platformization infrastructure","3 of 3","security-platform consolidation recurring trust enforcement and cyber-standardization matter more than network-architecture ownership or AI-fabric specialization","reuse when the key question is enterprise cyber-governance and vendor-consolidation depth rather than network architecture control",2026-08-10,in-progress
"Clearwater versus International Paper versus PCA","behind-the-shelf infrastructure boundary","Clearwater Paper Corp","paperboard substrate and packaging-materials infrastructure","1 of 3","focused SBS paperboard supply converter relationships and mill execution matter more than broader corrugated scale or tighter North American corrugated peer density","reuse when the key question is focused substrate supply rather than box-throughput scale or corrugated peer-density control",2026-08-10,in-progress
"Clearwater versus International Paper versus PCA","behind-the-shelf infrastructure boundary","International Paper Company","corrugated and containerboard throughput infrastructure","2 of 3","broad corrugated scale containerboard mill networks and North America or EMEA packaging throughput matter more than focused SBS economics or tighter North American peer density","reuse when the key question is broader corrugated-throughput scale rather than focused substrate supply or cleaner North American corrugated concentration",2026-08-10,in-progress
"Clearwater versus International Paper versus PCA","behind-the-shelf infrastructure boundary","Packaging Corporation of America","North America corrugated and containerboard throughput peer infrastructure","3 of 3","North American shipment density mill utilization price realization and concentrated corrugated operating control matter more than focused SBS exposure or broader global packaging scale","reuse when the key question is tighter North American corrugated peer density rather than focused substrate supply or broader corrugated-scale restructuring",2026-08-10,in-progress
"Cloudflare versus Akamai versus Palo Alto Networks","control-layer-connectivity boundary","Akamai","incumbent edge-delivery, application-security, and edge-compute transition infrastructure","2 of 3","legacy delivery scale application protection segmentation and compute-transition economics matter more than edge-native developer-control breadth or broad enterprise trust governance","reuse when the key question is delivery-to-security transition rather than edge-native control or enterprise cyber-platform consolidation",2026-08-10,in-progress
"Cloudflare versus Akamai versus Palo Alto Networks","control-layer-connectivity boundary","Cloudflare","edge trust, application-control, and machine-traffic infrastructure","1 of 3","edge routing policy enforcement developer surfaces and machine-mediated traffic control matter more than incumbent delivery economics or broad enterprise security-governance standardization","reuse when the key question is edge-native policy control rather than delivery-transition mechanics or enterprise trust governance",2026-08-10,in-progress
"Cloudflare versus Akamai versus Palo Alto Networks","control-layer-connectivity boundary","Palo Alto Networks","enterprise-trust governance and cybersecurity platformization infrastructure","3 of 3","security-platform consolidation recurring trust enforcement and cyber-standardization matter more than edge-policy control or incumbent delivery-transition economics","reuse when the key question is enterprise cyber-governance and vendor-consolidation depth rather than edge control or delivery transition",2026-08-10,in-progress
"Cloudflare versus Cisco versus Palo Alto Networks","control-layer-connectivity boundary","Cisco","installed-base enterprise network-control and architecture infrastructure","2 of 3","switching routing observability and architecture standardization matter more than edge-policy control alone or pure cyber-governance consolidation","reuse when the key question is enterprise network architecture control and installed-base widening rather than edge control or trust-platform consolidation",2026-08-10,in-progress
"Cloudflare versus Cisco versus Palo Alto Networks","control-layer-connectivity boundary","Cloudflare","edge trust, application-control, and machine-traffic infrastructure","1 of 3","edge routing policy enforcement developer surfaces and machine-mediated traffic control matter more than installed-base network footprint or security-governance standardization","reuse when the key question is who owns the edge control point between traffic trust and application access",2026-08-10,in-progress
"Cloudflare versus Cisco versus Palo Alto Networks","control-layer-connectivity boundary","Palo Alto Networks","enterprise-trust governance and cybersecurity platformization infrastructure","3 of 3","security-platform consolidation recurring trust enforcement and cyber-standardization matter more than broad network architecture ownership or edge-traffic control","reuse when the key question is enterprise cyber-governance and vendor-consolidation depth rather than network architecture or edge policy",2026-08-10,in-progress
"Cogent versus Lumen","hidden-connectivity-access boundary","Cogent","route-density and on-net private-connectivity infrastructure","1 of 2","lean on-net building economics IP and optical routes and wavelength or private-network services matter more than broader enterprise-network sprawl and portfolio surgery","reuse when the key question is lean terrestrial route-density ownership rather than broader backbone ownership",2026-08-10,in-progress
"Cogent versus Lumen","hidden-connectivity-access boundary","Lumen Technologies","fiber-backbone and enterprise-network ownership infrastructure","2 of 2","route-mile scale fiber on-net-building breadth strategic-versus-legacy migration and portfolio repair matter more than leaner on-net route economics","reuse when the key question is broader terrestrial backbone ownership rather than lean route-density economics",2026-08-10,in-progress
"Colgate versus Kenvue versus Chewy","routine-use-trust-everyday-care boundary","Chewy","digital-first replenishment and care-management system","3 of 3","Autoship prescriptions pharmacy and account management turn repeat pet-care spending into a digitally managed routine interface","reuse when the key question is digital replenishment management rather than shelf-based efficacy habit or wider self-care trust",2026-08-10,in-progress
"Colgate versus Kenvue versus Chewy","routine-use-trust-everyday-care boundary","Colgate","science-and-efficacy routine-care system","1 of 3","oral-care habit science-based efficacy and category leadership make the relationship a narrow but durable repeat-care system","reuse when the key question is efficacy-led routine care rather than self-care breadth or digital replenishment management",2026-08-10,in-progress
"Colgate versus Kenvue versus Chewy","routine-use-trust-everyday-care boundary","Kenvue","consumer-health and self-care trust system","2 of 3","healthcare-adjacent efficacy trust and broad self-care routines make the business a consumer-health platform rather than biotechnology","reuse when the key question is healthcare-adjacent self-care trust rather than narrow staples habit or digital account-managed replenishment",2026-08-10,in-progress
"Corning versus CommScope versus Ciena","control-layer-connectivity boundary","Ciena","optical transport and data-movement infrastructure","3 of 3","coherent systems datacenter interconnect and WAN transport matter more than optical content supply or stressed downstream equipment economics","reuse when the key question is active transport and data-movement systems rather than upstream materials or downstream connectivity equipment",2026-08-10,in-progress
"Corning versus CommScope versus Ciena","control-layer-connectivity boundary","CommScope / Vistance","downstream connectivity-equipment and broadband-access residual infrastructure","2 of 3","downstream connectivity hardware broadband-access exposure and residual-platform execution matter more than pure optical content supply or active transport specialization","reuse when the key question is downstream connectivity-equipment exposure rather than upstream materials or active transport leadership",2026-08-10,in-progress
"Corning versus CommScope versus Ciena","control-layer-connectivity boundary","Corning","fiber and optical-content input infrastructure","1 of 3","optical materials fiber content and manufacturing bottlenecks matter more than downstream connectivity hardware turnover or active transport-system execution","reuse when the key question is upstream optical input rather than downstream equipment or active data-movement systems",2026-08-10,in-progress
"Costco versus Kroger versus TJX","retail-system boundary","Costco","paid utility-membership retail system","1 of 3","prepaid trusted access and membership-fee economics make the relationship stronger than plain grocery repetition or discretionary discovery traffic","reuse when the key question is paid utility access rather than basket-data monetization or treasure-hunt discovery",2026-08-10,in-progress
"Costco versus Kroger versus TJX","retail-system boundary","Kroger","replenishment and basket-data retail system","2 of 3","grocery-basket repetition and first-party household data create a media and alternative-profit layer without turning the model into paid membership or bargain-hunt discovery","reuse when the key question is basket-data retail economics rather than prepaid membership or discovery-led traffic",2026-08-10,in-progress
"Costco versus Kroger versus TJX","retail-system boundary","TJX","bargain-discovery and treasure-hunt retail system","3 of 3","branded-bargain traffic and sourcing flexibility create recurring discovery without paid access or routine basket capture","reuse when the key question is discovery-led retail repetition rather than paid utility or replenishment data economics",2026-08-10,in-progress
"Costco versus Ulta versus Ross","relationship-thickness boundary","Costco","thick membership-funded retail relationship system","1 of 3","paid access membership-fee revenue and trusted value economics make the relationship explicit rather than only behaviorally sticky","reuse when the key question is whether a retail system directly monetizes trusted repeat access through a formal membership layer",2026-08-10,in-progress
"Costco versus Ulta versus Ross","relationship-thickness boundary","Ross","thinner value-and-traffic off-price relationship system","3 of 3","bargains traffic and merchandising execution drive repeat behavior more than a formal membership wallet or data-rich relationship layer","reuse when the key question is durable format-led repetition without a thick formal relationship engine",2026-08-10,in-progress
"Costco versus Ulta versus Ross","relationship-thickness boundary","Ulta","mid-thickness beauty-discovery and loyalty-data interface system","2 of 3","loyalty-member data discovery salons marketplace and media widen the interface without one dominant fee-funded member engine","reuse when the key question is interface-led thickening rather than explicit membership monetization or thinner value-and-traffic repetition",2026-08-10,in-progress
"Crocs versus Birkenstock versus Planet Fitness","comfort-casualization-practical-wellness boundary","Birkenstock","practical-wellness and premium-utility system","2 of 3","foot-health trust durability and premium utility make the brand a wellness-coded product system rather than a generic comfort shoe","reuse when the key question is practical wellness and premium utility rather than mass comfort or service-based participation",2026-08-10,in-progress
"Crocs versus Birkenstock versus Planet Fitness","comfort-casualization-practical-wellness boundary","Crocs","mass comfort and casualization system","1 of 3","ease familiarity and low-friction styling turn comfort into mainstream everyday culture rather than a niche utility trait","reuse when the key question is mass comfort normalization rather than premium practical wellness or recurring confidence participation",2026-08-10,in-progress
"Crocs versus Birkenstock versus Planet Fitness","comfort-casualization-practical-wellness boundary","Planet Fitness","low-friction body-confidence participation system","3 of 3","affordable dues and a non-intimidating environment turn self-maintenance into a recurring service relationship rather than a product-centered comfort purchase","reuse when the key question is affordable confidence participation rather than footwear-led comfort or wellness utility",2026-08-10,in-progress
"Etsy versus eBay versus Airbnb","trust-marketplace boundary","Airbnb","host-guest and trip-flexibility trust marketplace","3 of 3","host credibility booking flexibility and app-booking behavior create higher-stakes stay trust rather than goods-discovery trust","reuse when the key question is travel-confidence trust rather than creative-commerce discovery or enthusiast resale liquidity",2026-08-10,in-progress
"Etsy versus eBay versus Airbnb","trust-marketplace boundary","Etsy","creator-merchant and identity-commerce trust marketplace","1 of 3","seller identity uniqueness and discovery create emotional trust rather than logistics density resale liquidity alone or stay-confidence workflow","reuse when the key question is creative-supply trust and identity-led marketplace discovery rather than recommerce depth or trip-confidence trust",2026-08-10,in-progress
"Etsy versus eBay versus Airbnb","trust-marketplace boundary","eBay","enthusiast and recommerce trust marketplace","2 of 3","category depth resale confidence and enthusiast supply create liquidity trust rather than creative identity or higher-stakes stay trust","reuse when the key question is recommerce and category-liquidity trust rather than creator-led uniqueness or host-guest booking confidence",2026-08-10,in-progress
"Graphic Packaging versus Clearwater versus WM versus CECO","behind-the-shelf infrastructure boundary","CECO","environmental and process-reliability infrastructure","4 of 4","engineered air water thermal and emissions systems sit deepest inside regulated facilities and industrial uptime needs","reuse when the key question is plant-embedded environmental control rather than packaging or route-density service infrastructure",2026-08-10,in-progress
"Graphic Packaging versus Clearwater versus WM versus CECO","behind-the-shelf infrastructure boundary","Clearwater Paper","paperboard substrate and packaging-materials infrastructure","2 of 4","substrate supply and mill execution matter before the converter and carton layer ever appears","reuse when the key question is upstream packaging-material exposure rather than converted packaging or downstream cleanup networks",2026-08-10,in-progress
"Graphic Packaging versus Clearwater versus WM versus CECO","behind-the-shelf infrastructure boundary","Graphic Packaging","consumer-packaging middleware","1 of 4","converted packaging architecture sits between branded shelf demand and upstream material supply","reuse when the key question is packaging conversion rather than substrate supply service networks or plant-embedded environmental control",2026-08-10,in-progress
"Graphic Packaging versus Clearwater versus WM versus CECO","behind-the-shelf infrastructure boundary","Waste Management","environmental route-density and compliance infrastructure","3 of 4","recurring route density disposal recycling and healthcare-waste compliance shape the post-use infrastructure layer","reuse when the key question is cleanup-network and compliance depth rather than packaging production or plant-engineered systems",2026-08-10,in-progress
"Hasbro versus Mattel versus Roblox","fandom-play-participation boundary","Hasbro","collectible ruleset and organized-play fandom system","1 of 3","repeat players crossover sets collectible logic and digital extension create a structured fandom flywheel rather than a generic toy portfolio","reuse when the key question is ruleset depth and organized participation rather than brand-world extension or open creator-world engagement",2026-08-10,in-progress
"Hasbro versus Mattel versus Roblox","fandom-play-participation boundary","Mattel","brand-universe and entertainment-extension play system","2 of 3","iconic brands theatrical releases licensing and digital-game expansion create a franchise world rather than a ruleset-led community or open creator platform","reuse when the key question is franchise-brand extension rather than collectible rulesets or creator-world participation",2026-08-10,in-progress
"Hasbro versus Mattel versus Roblox","fandom-play-participation boundary","Roblox","creator-built digital-world participation system","3 of 3","creator supply discovery loops virtual currency and engagement surfaces create an open participation economy rather than branded physical-IP monetization","reuse when the key question is creator-world engagement rather than collectible fandom or family-brand extension",2026-08-10,in-progress
"Home Depot versus Lowe's versus Builders FirstSource","shelter-upkeep and pro-workflow boundary","Builders FirstSource","upstream builder supply, prefabrication, and labor-efficiency infrastructure","3 of 3","components prefabrication installation and digital builder workflow make the business an upstream housing-efficiency platform rather than a retail or consumer-facing project system","reuse when the key question is upstream builder support rather than downstream maintenance retail or home-improvement workflow",2026-08-10,in-progress
"Home Depot versus Lowe's versus Builders FirstSource","shelter-upkeep and pro-workflow boundary","Home Depot","pro-distribution and maintenance retail infrastructure","1 of 3","dense delivery contractor relationships and pro-distribution widening make the retail system more infrastructure-like than a plain big-box merchant","reuse when the key question is trade-density maintenance retail rather than service-widened workflow or upstream builder supply",2026-08-10,in-progress
"Home Depot versus Lowe's versus Builders FirstSource","shelter-upkeep and pro-workflow boundary","Lowe's","loyalty-linked and service-widened home-improvement workflow","2 of 3","Pro services loyalty branches and digital conversion widen the project workflow without matching Home Depot's exact pro-distribution posture","reuse when the key question is service and workflow thickening rather than trade-density retail or upstream builder infrastructure",2026-08-10,in-progress
"Instacart versus DoorDash versus Uber","local-demand coordination boundary","DoorDash","local-commerce and merchant-logistics coordinator","2 of 3","local merchant density convenience frequency and courier coordination matter more than retailer software depth or movement-wallet breadth","reuse when the key question is recurring local convenience demand across merchants and courier networks",2026-08-10,in-progress
"Instacart versus DoorDash versus Uber","local-demand coordination boundary","Instacart","grocery-demand and retailer-enablement coordinator","1 of 3","retailer software retail media and grocery basket routing sit inside one platform rather than a plain app surface","reuse when the key question is retailer embedment and grocery-specific operating depth rather than general delivery",2026-08-10,in-progress
"Instacart versus DoorDash versus Uber","local-demand coordination boundary","Uber","movement-and-wallet coordinator","3 of 3","rides delivery and one-account wallet depth create a broader but less retailer-specific system","reuse when the key question is cross-surface local-demand ownership rather than merchant or retailer specialization",2026-08-10,in-progress
"Netflix versus Spotify versus Meta","recurring-attention boundary","Meta","ad-funded daily social-attention and communication system","3 of 3","communication habit creator feeds and AI-optimized ad monetization create a broader ambient daily-attention surface than paid or semi-paid media platforms","reuse when the key question is ad-funded daily behavior scale rather than paid access or discovery-led audio habit",2026-08-10,in-progress
"Netflix versus Spotify versus Meta","recurring-attention boundary","Netflix","paid entertainment-access and recommendation-habit system","1 of 3","subscription continuity recommendation and ad widening reinforce a paid cultural-access habit rather than a pure ad-funded attention loop","reuse when the key question is paid recurring entertainment attention rather than mixed discovery monetization or ambient social attention",2026-08-10,in-progress
"Netflix versus Spotify versus Meta","recurring-attention boundary","Spotify","dual-sided cultural-discovery and subscription-plus-ad system","2 of 3","premium conversion ad-supported reach and personalization create a discovery system stronger than a plain streaming catalog","reuse when the key question is mixed subscription-and-ad cultural distribution rather than paid video habit or broad social-attention monetization",2026-08-10,in-progress
"Prologis versus Equinix versus Digital Realty","modern-real-estate-infrastructure boundary","Digital Realty","hyperscale and powered-land digital-capacity infrastructure","3 of 3","powered capacity backlog and hyperscale development make the asset behave like a digital-capacity platform rather than office real estate","reuse when the key question is powered-capacity backlog ownership rather than logistics or interconnection density",2026-08-10,in-progress
"Prologis versus Equinix versus Digital Realty","modern-real-estate-infrastructure boundary","Equinix","interconnection-dense digital-campus infrastructure","2 of 3","ecosystem density and interconnections make the campus behave more like a recurring digital exchange hub than plain rentable space","reuse when the key question is interconnection-campus ownership rather than logistics land or hyperscale backlog property",2026-08-10,in-progress
"Prologis versus Equinix versus Digital Realty","modern-real-estate-infrastructure boundary","Prologis","logistics land and warehouse infrastructure","1 of 3","scarce logistics land occupancy durability and rent growth make the owned asset behave like goods-flow infrastructure rather than generic property","reuse when the key question is logistics bottleneck ownership rather than digital-campus or powered-capacity property ownership",2026-08-10,in-progress
"Sonoco versus Aptar versus Silgan","behind-the-shelf infrastructure boundary","AptarGroup, Inc.","packaging-interface and dispensing-component control infrastructure","2 of 3","dispensing dosing closures drug-delivery components and controlled product-use performance matter more than broad portfolio breadth or staple rigid-container concentration","reuse when the key question is packaging-interface trust and user-behavior control rather than broader format control or rigid-container concentration",2026-08-10,in-progress
"Sonoco versus Aptar versus Silgan","behind-the-shelf infrastructure boundary","Silgan Holdings Inc.","rigid-container and closure-control infrastructure","3 of 3","staple-goods closures metal cans custom rigid containers and essential packaged-goods throughput matter more than broader format breadth or the engineered user interface itself","reuse when the key question is rigid-container and closure-stack concentration rather than format breadth or dispensing-and-dosing control",2026-08-10,in-progress
"Sonoco versus Aptar versus Silgan","behind-the-shelf infrastructure boundary","Sonoco Products Co.","broader packaging-format and container-control infrastructure","1 of 3","multi-format packaging breadth portfolio reshaping and broad consumer-plus-industrial packaging relationships matter more than narrower interface control or staple rigid-container concentration","reuse when the key question is broad packaging-control breadth rather than dispensing-interface specialization or rigid-container concentration",2026-08-10,in-progress
"Starbucks versus Costco versus American Express","loyalty-wallet-membership boundary","American Express","premium card-membership network","3 of 3","premium fees merchant economics and closed-loop data widen one formal wallet relationship far beyond the base spend transaction","reuse when the key question is premium wallet architecture rather than store routine or retail club access",2026-08-10,in-progress
"Starbucks versus Costco versus American Express","loyalty-wallet-membership boundary","Costco","paid utility membership","2 of 3","fee-backed belonging and trusted value access create a thick retail relationship without needing a payment network","reuse when the key question is fee-funded repeat access rather than preload or closed-loop premium spend capture",2026-08-10,in-progress
"Starbucks versus Costco versus American Express","loyalty-wallet-membership boundary","Starbucks","stored-value daily routine","1 of 3","preload balances Stars and deferred revenue formalize a daily physical habit into a stored-value relationship system","reuse when the key question is prepaid routine behavior rather than fee access or premium wallet membership",2026-08-10,in-progress
"Starbucks versus Monster versus Brown-Forman","ritual-occasion-stimulation boundary","Brown-Forman","premium alcohol-occasion and gifting system","3 of 3","premium brand desire social ritual and gifting exposure create a lower-frequency but symbolically heavier occasion system","reuse when the key question is premium social occasion demand rather than daily routine or stimulation habit",2026-08-10,in-progress
"Starbucks versus Monster versus Brown-Forman","ritual-occasion-stimulation boundary","Monster","stimulation and performance-identity system","2 of 3","energy demand brand intensity and lifestyle signaling create a high-frequency stimulation habit rather than a stored-value or occasion-led system","reuse when the key question is stimulation-led habit rather than app-led routine ritual or premium occasion demand",2026-08-10,in-progress
"Starbucks versus Monster versus Brown-Forman","ritual-occasion-stimulation boundary","Starbucks","stored-value and ordering-flow ritual system","1 of 3","preload rewards and app ordering turn a daily beverage reset into a formal routine economics system","reuse when the key question is prepaid ritual frequency rather than stimulation habit or premium social occasion demand",2026-08-10,in-progress
"TJX versus Ollie's versus Dollar General","value-hunt-bargain-discovery boundary","Dollar General","neighborhood essentials and fill-in convenience system","3 of 3","consumables density and proximity make value behavior more about dependable quick trips than about surprise merchandise discovery","reuse when the key question is essentials convenience rather than off-price or closeout discovery",2026-08-10,in-progress
"TJX versus Ollie's versus Dollar General","value-hunt-bargain-discovery boundary","Ollie's","closeout and excess-inventory discovery system","2 of 3","closeout sourcing and low-ticket deal excitement create a discovery system that is more opportunistic than classic off-price and less routine than essentials retail","reuse when the key question is closeout-driven value behavior rather than branded off-price or neighborhood-fill-in convenience",2026-08-10,in-progress
"TJX versus Ollie's versus Dollar General","value-hunt-bargain-discovery boundary","TJX","scaled off-price treasure-hunt system","1 of 3","branded bargain surprise and flexible off-price buying turn repeated store visits into a large-scale discovery format","reuse when the key question is branded off-price discovery rather than closeout opportunism or essentials convenience",2026-08-10,in-progress
"Ulta versus e.l.f. Beauty versus Estee Lauder","beauty-identity-prestige boundary","Estee Lauder","prestige-beauty recovery system","3 of 3","premium brand equity fragrance strength and restructuring-led margin repair make the company a prestige portfolio recovery case rather than a routine consumer-goods line","reuse when the key question is prestige repair and premium portfolio recovery rather than discovery interface or accessible brand growth",2026-08-10,in-progress
"Ulta versus e.l.f. Beauty versus Estee Lauder","beauty-identity-prestige boundary","Ulta","beauty-discovery and loyalty interface","1 of 3","marketplace assortment loyalty data salons and media monetization make the retailer behave like a beauty interface rather than a plain specialty chain","reuse when the key question is interface-led beauty discovery rather than owned-brand growth or prestige portfolio repair",2026-08-10,in-progress
"Ulta versus e.l.f. Beauty versus Estee Lauder","beauty-identity-prestige boundary","e.l.f. Beauty","accessible beauty brand and community-growth system","2 of 3","affordability creator-linked marketing and multi-brand expansion make the company a culturally activated beauty-growth platform rather than a generic personal-products issuer","reuse when the key question is accessible owned-brand beauty growth rather than retail discovery or prestige repair",2026-08-10,in-progress
"United Rentals versus Fastenal versus Ferguson","physical-execution-workflow boundary","Fastenal","embedded procurement and replenishment-control infrastructure","2 of 3","onsite presence replenishment logic and digital procurement workflow matter more than fleet access or broad contractor branch density","reuse when the key question is who becomes part of the customer operating system for indirect spend and uptime",2026-08-10,in-progress
"United Rentals versus Fastenal versus Ferguson","physical-execution-workflow boundary","Ferguson","branch-density and contractor-simplification infrastructure","3 of 3","local inventory technical support and channel simplification matter more than equipment outsourcing or plant-style replenishment control","reuse when the key question is who wins through local contractor convenience recurring repair exposure and service density",2026-08-10,in-progress
"United Rentals versus Fastenal versus Ferguson","physical-execution-workflow boundary","United Rentals","access-over-ownership and outsourced-execution infrastructure","1 of 3","fleet scale specialty access service and outsourced equipment availability matter more than procurement embedment or branch-density contractor support","reuse when the key question is who lets customers execute physical work without owning the full equipment burden",2026-08-10,in-progress
"WESCO versus Applied Industrial Technologies versus Core & Main","physical-execution-workflow boundary","Applied Industrial Technologies","engineering-heavy uptime automation and technical-MRO workflow infrastructure","2 of 3","technical service fluid power automation and engineered aftermarket depth matter more than broad project-channel breadth or municipal waterworks specialization","reuse when the key question is engineering-heavy uptime support rather than broad infrastructure distribution or civic-flow replacement channels",2026-08-10,in-progress
"WESCO versus Applied Industrial Technologies versus Core & Main","physical-execution-workflow boundary","Core & Main","waterworks fire-protection and civic-failure-response channel infrastructure","3 of 3","municipal replacement specialty inventory and civic-flow project support matter more than broad electrical-channel coordination or industrial uptime engineering","reuse when the key question is waterworks and public-infrastructure replacement-channel density rather than electrical project distribution or technical MRO depth",2026-08-10,in-progress
"WESCO versus Applied Industrial Technologies versus Core & Main","physical-execution-workflow boundary","WESCO International","electrical communications utility and project-channel infrastructure","1 of 3","stocked inventory procurement integration and large-project channel coordination matter more than engineering-heavy uptime service or civic-failure-response specialization","reuse when the key question is broad infrastructure-channel control rather than technical MRO depth or waterworks replacement density",2026-08-10,in-progress
"Warby Parker versus Nike versus Ulta","owned-demand and channel-control boundary","Nike","large-scale hybrid brand-control system","2 of 3","global brand authority stays central even while direct and wholesale remain visibly interdependent","reuse when the key question is hybrid brand control rather than one owned service relationship or a category interface",2026-08-10,in-progress
"Warby Parker versus Nike versus Ulta","owned-demand and channel-control boundary","Ulta","assortment-led and discovery-led interface-control system","3 of 3","loyalty services and multi-brand discovery make the interface stronger than one owned product promise","reuse when the key question is category-interface control rather than service-linked owned demand or hybrid brand control",2026-08-10,in-progress
"Warby Parker versus Nike versus Ulta","owned-demand and channel-control boundary","Warby Parker","service-linked and fit-driven owned-demand system","1 of 3","one owned fit-and-care relationship creates demand depth rather than hybrid brand scale or multi-brand interface return","reuse when the key question is direct service-linked owned demand rather than hybrid brand control or assortment-led interface economics",2026-08-10,in-progress
"Waste Management versus Clean Harbors","behind-the-shelf infrastructure boundary","Clean Harbors","specialized hazardous and industrial environmental-service infrastructure","2 of 2","hazardous disposal emergency response remediation and re-refining depth matter more than broad municipal and commercial route density","reuse when the key question is specialized environmental-service intensity rather than broad route-network scale",2026-08-10,in-progress
"Waste Management versus Clean Harbors","behind-the-shelf infrastructure boundary","Waste Management","broad route-density and compliance-network infrastructure","1 of 2","recurring density disposal assets recycling and compliance breadth matter more than hazardous specialization","reuse when the key question is generalized cleanup-network breadth rather than specialized hazardous or remediation intensity",2026-08-10,in-progress
"Waste Management versus Republic Services versus Clean Harbors versus Casella","behind-the-shelf infrastructure boundary","Casella Waste Systems","regional-density waste and resource-solutions infrastructure","4 of 4","concentrated local-market density landfill control recycling and resource-solutions layering matter more than national scale or hazardous specialization","reuse when the key question is regional-density concentration rather than national broad-network leadership scale-peer density or hazardous specialization",2026-08-10,in-progress
"Waste Management versus Republic Services versus Clean Harbors versus Casella","behind-the-shelf infrastructure boundary","Clean Harbors","specialized hazardous and industrial environmental-service infrastructure","3 of 4","hazardous disposal emergency response remediation and re-refining depth matter more than broad network breadth or regional local-market density","reuse when the key question is specialized environmental-service intensity rather than broad national route density or regional concentration",2026-08-10,in-progress
"Waste Management versus Republic Services versus Clean Harbors versus Casella","behind-the-shelf infrastructure boundary","Republic Services","national scale-peer route-density infrastructure","2 of 4","dense national local-service scale pricing discipline acquisition roll-in and sustainability-asset throughput make it the cleanest broad-network peer","reuse when the key question is whether a second national route-density peer belongs beside the leader rather than inside hazardous or regional subtypes",2026-08-10,in-progress
"Waste Management versus Republic Services versus Clean Harbors versus Casella","behind-the-shelf infrastructure boundary","Waste Management","national route-density and compliance-network leadership","1 of 4","broad route density disposal recycling RNG and compliance breadth make it the clearest generalized network leader","reuse when the key question is which company anchors the broadest national post-use infrastructure network",2026-08-10,in-progress
"YETI versus Ulta versus Amazon","owned-demand versus marketplace-extended boundary","Amazon","full ecosystem-interface control system","3 of 3","interface utility seller participation and ad economics dominate any one-brand demand story","reuse when the question is no longer product-owned demand but broad account-level interface control",2026-08-10,in-progress
"YETI versus Ulta versus Amazon","owned-demand versus marketplace-extended boundary","Ulta","category-interface and assortment-control system","2 of 3","the customer returns to a company-owned discovery environment more than to one owned brand promise","reuse when discovery services loyalty and assortment make a retailer stronger than a plain brand or plain store case",2026-08-10,in-progress
"YETI versus Ulta versus Amazon","owned-demand versus marketplace-extended boundary","YETI","owned-demand system widened by marketplace-assisted reach","1 of 3","owned brand and product authority remain the center of gravity even with marketplace assistance","reuse when marketplace reach helps a strong owned-demand system without replacing it",2026-08-10,in-progress
