path	category
notes/browser-runtime-annual-report-attempt-2026-08-09.md	other
notes/cli-4-5-6-multi-lane-handoff-2026-08-10.md	handoff
notes/cli-4-batch-a-handoff-2026-08-10.md	handoff
notes/cli-4-batch-a-log-2026-08-10.md	log
notes/cli-4-batch-b-handoff-2026-08-10.md	handoff
notes/cli-5-akamai-extension-handoff-2026-08-10.md	handoff
notes/cli-5-american-tower-extension-handoff-2026-08-10.md	handoff
notes/cli-5-amphenol-extension-handoff-2026-08-10.md	handoff
notes/cli-5-applied-materials-extension-handoff-2026-08-10.md	handoff
notes/cli-5-batch-a-handoff-2026-08-10.md	handoff
notes/cli-5-batch-a-log-2026-08-10.md	log
notes/cli-5-batch-b-handoff-2026-08-10.md	handoff
notes/cli-5-batch-b-log-2026-08-10.md	log
notes/cli-5-batch-c-handoff-2026-08-10.md	handoff
notes/cli-5-batch-c-log-2026-08-10.md	log
notes/cli-5-batch-d-handoff-2026-08-10.md	handoff
notes/cli-5-broadcom-extension-handoff-2026-08-10.md	handoff
notes/cli-5-cloudflare-extension-handoff-2026-08-10.md	handoff
notes/cli-5-corning-extension-handoff-2026-08-10.md	handoff
notes/cli-5-crowdstrike-extension-handoff-2026-08-10.md	handoff
notes/cli-5-crown-castle-extension-handoff-2026-08-10.md	handoff
notes/cli-5-digitalocean-extension-handoff-2026-08-10.md	handoff
notes/cli-5-digitalocean-partial-handoff-2026-08-10.md	handoff
notes/cli-5-elastic-extension-handoff-2026-08-10.md	handoff
notes/cli-5-f5-extension-handoff-2026-08-10.md	handoff
notes/cli-5-fastly-extension-handoff-2026-08-10.md	handoff
notes/cli-5-hpe-extension-handoff-2026-08-10.md	handoff
notes/cli-5-marvell-extension-handoff-2026-08-10.md	handoff
notes/cli-5-netapp-extension-handoff-2026-08-10.md	handoff
notes/cli-5-oracle-extension-handoff-2026-08-10.md	handoff
notes/cli-5-pure-storage-extension-handoff-2026-08-10.md	handoff
notes/cli-5-samsara-extension-handoff-2026-08-10.md	handoff
notes/cli-5-sba-communications-extension-handoff-2026-08-10.md	handoff
notes/cli-5-seagate-extension-handoff-2026-08-10.md	handoff
notes/cli-5-snowflake-extension-handoff-2026-08-10.md	handoff
notes/cli-5-teradyne-extension-handoff-2026-08-10.md	handoff
notes/cli-5-zscaler-extension-handoff-2026-08-10.md	handoff
notes/cli-6-batch-a-handoff-2026-08-10.md	handoff
notes/cli-6-batch-a-log-2026-08-10.md	log
notes/cli-6-batch-b-handoff-2026-08-10.md	handoff
notes/cli-6-batch-c-handoff-2026-08-10.md	handoff
notes/cli-6-batch-d-handoff-2026-08-10.md	handoff
notes/cli-6-batch-e-handoff-2026-08-10.md	handoff
notes/cli-6-batch-f-handoff-2026-08-10.md	handoff
notes/cli-6-batch-g-handoff-2026-08-10.md	handoff
notes/cli-6-batch-h-handoff-2026-08-10.md	handoff
notes/cli4-raw-blob-offload-handoff-2026-08-10.md	raw_blob_rclone
notes/cli8-handoff-2026-08-10.md	handoff
notes/cli9-main-cencora-quest-raw-offload-2026-08-10.md	raw_blob_rclone
notes/handoff-2026-08-10.md	handoff
notes/healthcare-frontier-batch-handoff-2026-08-10.md	handoff
notes/local-only-research-delta-handoff-2026-08-10.md	handoff
notes/main-tracked-raw-offload-2026-08-10.md	raw_blob_rclone
notes/media-influence-consumer-interface-and-edge-infrastructure-handoff-2026-08-10.md	handoff
notes/new-lanes-raw-blob-offload-2026-08-10.md	raw_blob_rclone
notes/rclone-offload-and-main-push-supplement-2026-08-10.md	raw_blob_rclone
notes/rclone-raw-blob-offload-handoff-2026-08-10.md	raw_blob_rclone
notes/recreation-batch-a-handoff-2026-08-10.md	handoff
notes/recreation-batch-a-log-2026-08-10.md	log
notes/recreation-batch-b-handoff-2026-08-10.md	handoff
notes/recreation-batch-b-log-2026-08-10.md	log
notes/recreation-batch-c-handoff-2026-08-10.md	handoff
notes/recreation-lodging-owner-extension-handoff-2026-08-10.md	handoff
