system_family,relationship_type,company_name,ticker,sector,industry,company_packet_path,core_repeated_behavior,relationship_thickener,main_attached_economic_layer,partner_or_wallet_depth,main_open_extension,last_updated,status
"Loyalty wallet and membership systems","Stored-value daily routine","Starbucks Corporation",SBUX,Services,Restaurants,"/home/manishmehta/ui-projects/annual-report-research/extracted/services/restaurants/starbucks-corporation/company-packet.md","repeat beverage purchase and app-led ordering","preload plus rewards habit","stored value Stars deferred revenue and digital ordering","high stored-value and app-wallet depth","compare against McDonald's on digital routine without the same preload structure",2026-08-10,in-progress
"Loyalty wallet and membership systems","Loyalty-at-scale food routine","McDonald's Corporation",MCD,Services,Restaurants,"/home/manishmehta/ui-projects/annual-report-research/extracted/services/restaurants/mcdonalds-corporation/company-packet.md","repeat mass-market food occasions","loyalty-member scale and digital offers","loyalty-member sales active users and franchise throughput support","moderate wallet depth and high digital-loyalty scale","compare against Starbucks on habit loops and against Target on mass-market digital engagement",2026-08-10,in-progress
"Loyalty wallet and membership systems","Paid utility membership","Costco Wholesale Corporation",COST,Services,"Discount, Variety Stores","/home/manishmehta/ui-projects/annual-report-research/extracted/services/discount-variety-stores/costco-wholesale-corp/company-packet.md","repeat warehouse trips and stock-up behavior","fee-backed belonging and trust","membership fees renewal behavior and digital convenience","high fee-membership depth","compare against Planet Fitness on paid access economics and against Target on lighter utility membership",2026-08-10,in-progress
"Loyalty wallet and membership systems","Convenience-and-membership retail layer","Target Corp.",TGT,Services,"Discount, Variety Stores","/home/manishmehta/ui-projects/annual-report-research/extracted/services/discount-variety-stores/target-corp/company-packet.md","repeat household and discretionary retail trips","same-day and paid-utility convenience","membership revenue retail media marketplace and same-day fulfillment","moderate fee-membership depth with broader utility layers","compare against Costco on paid utility and against Walmart or Amazon on ecosystem widening",2026-08-10,in-progress
"Loyalty wallet and membership systems","Travel-status and partner-funded loyalty currency","Delta Air Lines, Inc.",DAL,Services,"Major Airlines","/home/manishmehta/ui-projects/annual-report-research/extracted/services/major-airlines/delta-air-lines-inc/company-packet.md","repeat travel and premium trip behavior","miles plus premium-status reinforcement","sold miles American Express remuneration and co-brand economics","high partner-funded loyalty depth","compare against Marriott on co-brand travel economics and against American Express on closed-loop premium membership",2026-08-10,in-progress
"Loyalty wallet and membership systems","Branded-stay loyalty distribution system","Marriott International, Inc.",MAR,Services,Lodging,"/home/manishmehta/ui-projects/annual-report-research/extracted/services/lodging/marriott-international-inc/company-packet.md","repeat hotel stays and travel trust","Bonvoy concentration and co-brand reinforcement","loyalty-funded distribution co-brand economics and owner-demand support","high partner-funded and status-led depth","compare against Delta on currency economics and against Caesars on destination rewards continuity",2026-08-10,in-progress
"Loyalty wallet and membership systems","Destination rewards and wallet loop","Caesars Entertainment, Inc.",CZR,Services,"Resorts & Casinos","/home/manishmehta/ui-projects/annual-report-research/extracted/services/resorts-casinos/caesars-entertainment-corporation/company-packet.md","repeat resort visits and digital wagering","one rewards identity and one wallet surface","tiering cross-market spend capture and universal wallet continuity","high cross-surface wallet depth","compare against Marriott on destination loyalty and against Planet Fitness on non-status membership habit loops",2026-08-10,in-progress
"Loyalty wallet and membership systems","Premium card-membership network","American Express Company",AXP,Financial,"Credit Services","/home/manishmehta/ui-projects/annual-report-research/extracted/financial/credit-services/american-express-company/company-packet.md","repeat card spend travel dining and premium-benefit usage","closed-loop network plus premium membership identity","annual fees merchant economics network data and partner ecosystem","high closed-loop and partner depth","compare against Delta on premium travel economics and against Starbucks on closed-loop habit systems",2026-08-10,in-progress
"Loyalty wallet and membership systems","Low-friction access membership and habit conditioning","Planet Fitness, Inc.",PLNT,Services,Recreation,"/home/manishmehta/ui-projects/annual-report-research/extracted/services/recreation/planet-fitness-inc/company-packet.md","repeat fitness attendance and self-maintenance","affordable recurring access and low-intimidation branding","monthly dues annual fees franchise scale and retention-sensitive pricing","high fee-membership depth without stored value or status currency","compare against Costco on paid utility membership and against Starbucks on habit-conditioned recurring use",2026-08-10,in-progress
