system_family,system_type,subtype_family,company_name,ticker,sector,industry,company_packet_path,trust_or_coordination_source,main_repeat_behavior,frequency_band,trust_intensity,physical_embedding_level,main_second_monetization_layer,membership_role,primary_counterparty,primary_monetization_side,main_open_extension,last_updated,status
"Marketplace and coordination","Commerce flywheel marketplace","commerce flywheel","Amazon.com, Inc.",AMZN,Retail,"Specialty Retail, Other","/home/manishmehta/ui-projects/annual-report-research/extracted/retail/specialty-retail-other/amazoncom-inc/company-packet.md","account-level trust through delivery speed assortment merchant density and Prime","frequent household and replenishment shopping","high-frequency everyday","medium","high","ads seller services subscriptions fulfillment","central","consumers and third-party sellers","balanced buyer-plus-seller monetization","compare more directly against Walmart and Target on how marketplace and retail-media layers differ from Prime-led utility",2026-08-10,in-progress
"Marketplace and coordination","Enthusiast and recommerce trust marketplace","trust marketplace","eBay Inc.",EBAY,"Consumer Goods","Internet Service Providers","/home/manishmehta/ui-projects/annual-report-research/extracted/consumer-goods/internet-service-providers/ebay/company-packet.md","trust through category depth seller supply collectibles culture and resale confidence","search listing collecting resale and enthusiast repeat visits","medium-frequency browse and category repeat","high","low-to-mid","advertising seller tools promoted discovery marketplace economics","limited","buyers and sellers","seller-and-ad weighted","extend trust-marketplace comparison across resale authenticity and category-liquidity structures",2026-08-10,in-progress
"Marketplace and coordination","Creator-merchant and identity-commerce trust marketplace","trust marketplace","Etsy, Inc.",ETSY,Technology,"Internet Service Providers","/home/manishmehta/ui-projects/annual-report-research/extracted/technology/internet-service-providers/etsy-inc/company-packet.md","trust through uniqueness seller identity human connection and creative supply","gifting self-expression shopping repeat buyer deepening and app discovery","medium-frequency browse and gifting repeat","high","low","Etsy Ads Offsite Ads services revenue payments take-rate expansion","limited","buyers and creative sellers","seller-and-ad weighted","connect more explicitly to identity and cultural-pattern work around non-commodity demand",2026-08-10,in-progress
"Marketplace and coordination","Grocery-demand and retailer-enablement coordinator","local-demand coordination","Maplebear Inc. dba Instacart",CART,Technology,"Internet Service Providers","/home/manishmehta/ui-projects/annual-report-research/extracted/technology/internet-service-providers/maplebear-inc/company-packet.md","coordination through grocery basket routing retailer software first-party data and retail-media integration","recurring household basket assembly and digital grocery habit","high-frequency household repeat","medium","high","retail media data software white-label retailer tools","secondary","retailers brands and grocery consumers","retailer-and-brand weighted","compare against Kroger Walmart and Amazon on retailer enablement versus owned-retail control",2026-08-10,in-progress
"Marketplace and coordination","Local-commerce and merchant-logistics coordinator","local-demand coordination","DoorDash, Inc.",DASH,Technology,"Internet Service Providers","/home/manishmehta/ui-projects/annual-report-research/extracted/technology/internet-service-providers/doordash/company-packet.md","coordination through convenience habit merchant density DashPass and delivery routing","high-frequency local ordering and fill-in purchasing","high-frequency everyday","medium","high","memberships ads merchant tooling logistics density","central","merchants consumers and couriers","balanced consumer-membership plus merchant monetization","extend local-demand comparison on merchant dependence and logistics density",2026-08-10,in-progress
"Marketplace and coordination","Movement-and-wallet coordinator","local-demand coordination","Uber Technologies, Inc.",UBER,Technology,"Application Software","/home/manishmehta/ui-projects/annual-report-research/extracted/technology/application-software/uber-technologies-inc/company-packet.md","coordination through rides delivery app habit Uber One and cross-surface wallet behavior","repeated movement plus delivery attachment inside one account relationship","high-frequency everyday","medium","high","memberships wallet capture merchant monetization future platform supply leverage","central","riders drivers couriers merchants","balanced consumer-wallet plus merchant monetization","test where wallet depth becomes more valuable than category-specific merchant tooling",2026-08-10,in-progress
"Marketplace and coordination","Host-guest and trip-flexibility trust marketplace","travel trust marketplace","Airbnb, Inc.",ABNB,Technology,"Application Software","/home/manishmehta/ui-projects/annual-report-research/extracted/technology/application-software/airbnb-inc/company-packet.md","trust through host supply guest identity app behavior and booking flexibility","trip planning repeat app booking hotel-to-home conversion and services attachment","episodic high-value repeat","high","low-to-mid","services experiences hotel extension flexible-payments conversion","minimal","hosts and guests","buyer-booking weighted","extend trust-marketplace comparison around higher-stakes trust and travel workflow",2026-08-10,in-progress
"Marketplace and coordination","Travel booking and trip-orchestration marketplace","travel orchestration marketplace","Booking Holdings Inc.",BKNG,Services,"Transportation Services","/home/manishmehta/ui-projects/annual-report-research/extracted/services/transportation-services/booking-holdings/company-packet.md","coordination through search direct mix app behavior merchant payments and supply breadth","search compare book and cross-vertical trip planning","episodic high-value repeat","medium","low-to-mid","merchant mix payments direct behavior cross-sell","secondary","travelers and travel suppliers","buyer-booking plus supplier-payments weighted","compare against Airbnb and Expedia on orchestration versus community-trust and loyalty-thickening models",2026-08-10,in-progress
"Marketplace and coordination","Loyalty-thickened, B2B-enabled, and ad-network travel marketplace","travel intermediation marketplace","Expedia Group, Inc.",EXPE,Services,"Transportation Services","/home/manishmehta/ui-projects/annual-report-research/extracted/services/transportation-services/expedia-group-inc/company-packet.md","coordination through brand portfolio One Key loyalty B2B travel distribution and the advertising surface around travel intent","cross-brand trip planning repeat travel partner-distributed bookings and loyalty-mediated reuse","episodic high-value repeat","medium-to-high","low-to-mid","B2B distribution advertising unified loyalty cross-brand traveler data","secondary","travelers travel suppliers and partners","balanced traveler-plus-partner monetization","reuse direct comparison against Booking and Airbnb before adding another travel marketplace subtype",2026-08-10,in-progress
